path,label
plant_k/valid/Apple___diseased/apple_d146.JPG,Apple___diseased
plant_k/valid/Apple___diseased/apple_d157.JPG,Apple___diseased
plant_k/valid/Apple___diseased/ag_113.jpg,Apple___diseased
plant_k/valid/Apple___diseased/apple_d070.JPG,Apple___diseased
plant_k/valid/Apple___diseased/apple_d176.JPG,Apple___diseased
plant_k/valid/Apple___diseased/apple_d152.JPG,Apple___diseased
plant_k/valid/Apple___diseased/apple_d174.JPG,Apple___diseased
plant_k/valid/Apple___diseased/ag_69.jpg,Apple___diseased
plant_k/valid/Apple___diseased/apple_d025.JPG,Apple___diseased
plant_k/valid/Apple___diseased/apple_d169.JPG,Apple___diseased
plant_k/valid/Apple___diseased/apple_d040.JPG,Apple___diseased
plant_k/valid/Apple___diseased/ag_58.jpg,Apple___diseased
plant_k/valid/Apple___diseased/ag_12.jpg,Apple___diseased
plant_k/valid/Apple___diseased/apple_d061.JPG,Apple___diseased
plant_k/valid/Apple___diseased/ag_25.jpg,Apple___diseased
plant_k/valid/Apple___diseased/ag_92.jpg,Apple___diseased
plant_k/valid/Apple___diseased/ag_104.jpg,Apple___diseased
plant_k/valid/Apple___diseased/apple_d044.JPG,Apple___diseased
plant_k/valid/Apple___diseased/apple_d022.JPG,Apple___diseased
plant_k/valid/Apple___diseased/ag_39.jpg,Apple___diseased
plant_k/valid/Apple___diseased/ag_41.jpg,Apple___diseased
plant_k/valid/Apple___diseased/apple_d029.JPG,Apple___diseased
plant_k/valid/Apple___diseased/ag_71.jpg,Apple___diseased
plant_k/valid/Apple___diseased/apple_d050.JPG,Apple___diseased
plant_k/valid/Apple___diseased/apple_d090.JPG,Apple___diseased
plant_k/valid/Apple___diseased/apple_d181.JPG,Apple___diseased
plant_k/valid/Apple___diseased/ag_9.jpg,Apple___diseased
plant_k/valid/Apple___diseased/apple_d106.JPG,Apple___diseased
plant_k/valid/Apple___diseased/ag_120.jpg,Apple___diseased
plant_k/valid/Apple___diseased/apple_d017.JPG,Apple___diseased
plant_k/valid/Apple___diseased/ag_102.jpg,Apple___diseased
plant_k/valid/Apple___diseased/ag_57.jpg,Apple___diseased
plant_k/valid/Apple___diseased/apple_d083.JPG,Apple___diseased
plant_k/valid/Apple___diseased/apple_d096.JPG,Apple___diseased
plant_k/valid/Apple___diseased/apple_d173.JPG,Apple___diseased
plant_k/valid/Apple___diseased/ag_44.jpg,Apple___diseased
plant_k/valid/Apple___diseased/apple_d081.JPG,Apple___diseased
plant_k/valid/Apple___diseased/apple_d156.JPG,Apple___diseased
plant_k/valid/Apple___diseased/ag_17.jpg,Apple___diseased
plant_k/valid/Apple___diseased/ag_106.jpg,Apple___diseased
plant_k/valid/Apple___diseased/ag_81.jpg,Apple___diseased
plant_k/valid/Apple___diseased/apple_d172.JPG,Apple___diseased
plant_k/valid/Apple___diseased/ag_63.jpg,Apple___diseased
plant_k/valid/Apple___diseased/ag_88.jpg,Apple___diseased
plant_k/valid/Apple___diseased/apple_d034.JPG,Apple___diseased
plant_k/valid/Apple___diseased/apple_d075.JPG,Apple___diseased
plant_k/valid/Apple___diseased/apple_d184.JPG,Apple___diseased
plant_k/valid/Apple___diseased/apple_d041.JPG,Apple___diseased
plant_k/valid/Apple___diseased/ag_95.jpg,Apple___diseased
plant_k/valid/Apple___diseased/apple_d057.JPG,Apple___diseased
plant_k/valid/Apple___diseased/ag_100.jpg,Apple___diseased
plant_k/valid/Apple___diseased/ag_56.jpg,Apple___diseased
plant_k/valid/Apple___diseased/apple_d116.JPG,Apple___diseased
plant_k/valid/Apple___diseased/apple_d151.JPG,Apple___diseased
plant_k/valid/Apple___diseased/apple_d060.JPG,Apple___diseased
plant_k/valid/Apple___diseased/apple_d187.JPG,Apple___diseased
plant_k/valid/Apple___diseased/ag_53.jpg,Apple___diseased
plant_k/valid/Apple___diseased/apple_d131.JPG,Apple___diseased
plant_k/valid/Apple___diseased/ag_28.jpg,Apple___diseased
plant_k/valid/Apple___diseased/ag_61.jpg,Apple___diseased
plant_k/valid/Apple___diseased/ag_29.jpg,Apple___diseased
plant_k/valid/Apple___diseased/apple_d104.JPG,Apple___diseased
plant_k/valid/Apple___diseased/ag_85.jpg,Apple___diseased
plant_k/valid/Apple___healthy/ag_27.jpg,Apple___healthy
plant_k/valid/Apple___healthy/apple_h038.JPG,Apple___healthy
plant_k/valid/Apple___healthy/apple_h075.JPG,Apple___healthy
plant_k/valid/Apple___healthy/ag_113.jpg,Apple___healthy
plant_k/valid/Apple___healthy/apple_h009.JPG,Apple___healthy
plant_k/valid/Apple___healthy/ag_7.jpg,Apple___healthy
plant_k/valid/Apple___healthy/ag_128.jpg,Apple___healthy
plant_k/valid/Apple___healthy/apple_h021.JPG,Apple___healthy
plant_k/valid/Apple___healthy/ag_12.jpg,Apple___healthy
plant_k/valid/Apple___healthy/ag_25.jpg,Apple___healthy
plant_k/valid/Apple___healthy/ag_60.jpg,Apple___healthy
plant_k/valid/Apple___healthy/apple_h063.JPG,Apple___healthy
plant_k/valid/Apple___healthy/ag_104.jpg,Apple___healthy
plant_k/valid/Apple___healthy/apple_h008.JPG,Apple___healthy
plant_k/valid/Apple___healthy/apple_h028.JPG,Apple___healthy
plant_k/valid/Apple___healthy/ag_33.jpg,Apple___healthy
plant_k/valid/Apple___healthy/apple_h026.JPG,Apple___healthy
plant_k/valid/Apple___healthy/apple_h020.JPG,Apple___healthy
plant_k/valid/Apple___healthy/ag_41.jpg,Apple___healthy
plant_k/valid/Apple___healthy/ag_71.jpg,Apple___healthy
plant_k/valid/Apple___healthy/ag_15.jpg,Apple___healthy
plant_k/valid/Apple___healthy/ag_84.jpg,Apple___healthy
plant_k/valid/Apple___healthy/apple_h046.JPG,Apple___healthy
plant_k/valid/Apple___healthy/apple_h099.JPG,Apple___healthy
plant_k/valid/Apple___healthy/ag_120.jpg,Apple___healthy
plant_k/valid/Apple___healthy/ag_90.jpg,Apple___healthy
plant_k/valid/Apple___healthy/ag_102.jpg,Apple___healthy
plant_k/valid/Apple___healthy/ag_23.jpg,Apple___healthy
plant_k/valid/Apple___healthy/apple_h012.JPG,Apple___healthy
plant_k/valid/Apple___healthy/ag_136.jpg,Apple___healthy
plant_k/valid/Apple___healthy/apple_h124.JPG,Apple___healthy
plant_k/valid/Apple___healthy/apple_h030.JPG,Apple___healthy
plant_k/valid/Apple___healthy/apple_h093.JPG,Apple___healthy
plant_k/valid/Apple___healthy/ag_152.jpg,Apple___healthy
plant_k/valid/Apple___healthy/apple_h011.JPG,Apple___healthy
plant_k/valid/Apple___healthy/apple_h141.JPG,Apple___healthy
plant_k/valid/Apple___healthy/ag_106.jpg,Apple___healthy
plant_k/valid/Apple___healthy/ag_81.jpg,Apple___healthy
plant_k/valid/Apple___healthy/ag_77.jpg,Apple___healthy
plant_k/valid/Apple___healthy/ag_49.jpg,Apple___healthy
plant_k/valid/Apple___healthy/apple_h017.JPG,Apple___healthy
plant_k/valid/Apple___healthy/ag_139.jpg,Apple___healthy
plant_k/valid/Apple___healthy/apple_h126.JPG,Apple___healthy
plant_k/valid/Apple___healthy/apple_h029.JPG,Apple___healthy
plant_k/valid/Apple___healthy/apple_h122.JPG,Apple___healthy
plant_k/valid/Apple___healthy/apple_h052.JPG,Apple___healthy
plant_k/valid/Apple___healthy/ag_55.jpg,Apple___healthy
plant_k/valid/Apple___healthy/apple_h054.JPG,Apple___healthy
plant_k/valid/Apple___healthy/apple_h138.JPG,Apple___healthy
plant_k/valid/Apple___healthy/ag_31.jpg,Apple___healthy
plant_k/valid/Apple___healthy/ag_100.jpg,Apple___healthy
plant_k/valid/Apple___healthy/ag_56.jpg,Apple___healthy
plant_k/valid/Apple___healthy/ag_62.jpg,Apple___healthy
plant_k/valid/Apple___healthy/ag_14.jpg,Apple___healthy
plant_k/valid/Apple___healthy/apple_h156.JPG,Apple___healthy
plant_k/valid/Apple___healthy/apple_h067.JPG,Apple___healthy
plant_k/valid/Apple___healthy/ag_51.jpg,Apple___healthy
plant_k/valid/Apple___healthy/apple_h083.JPG,Apple___healthy
plant_k/valid/Apple___healthy/apple_h089.JPG,Apple___healthy
plant_k/valid/Apple___healthy/ag_64.jpg,Apple___healthy
plant_k/valid/Apple___healthy/ag_155.jpg,Apple___healthy
plant_k/valid/Apple___healthy/apple_h019.JPG,Apple___healthy
plant_k/valid/Apple___healthy/apple_h041.JPG,Apple___healthy
plant_k/valid/Apple___healthy/apple_h084.JPG,Apple___healthy
plant_k/valid/Apricot___diseased/apricot_d177.JPG,Apricot___diseased
plant_k/valid/Apricot___diseased/ag_113.jpg,Apricot___diseased
plant_k/valid/Apricot___diseased/apricot_d169.JPG,Apricot___diseased
plant_k/valid/Apricot___diseased/apricot_d150.JPG,Apricot___diseased
plant_k/valid/Apricot___diseased/apricot_d050.JPG,Apricot___diseased
plant_k/valid/Apricot___diseased/apricot_d167.JPG,Apricot___diseased
plant_k/valid/Apricot___diseased/ag_128.jpg,Apricot___diseased
plant_k/valid/Apricot___diseased/ag_12.jpg,Apricot___diseased
plant_k/valid/Apricot___diseased/apricot_d034.JPG,Apricot___diseased
plant_k/valid/Apricot___diseased/ag_104.jpg,Apricot___diseased
plant_k/valid/Apricot___diseased/ag_50.jpg,Apricot___diseased
plant_k/valid/Apricot___diseased/apricot_d074.JPG,Apricot___diseased
plant_k/valid/Apricot___diseased/apricot_d124.JPG,Apricot___diseased
plant_k/valid/Apricot___diseased/ag_5.jpg,Apricot___diseased
plant_k/valid/Apricot___diseased/apricot_d097.JPG,Apricot___diseased
plant_k/valid/Apricot___diseased/ag_75.jpg,Apricot___diseased
plant_k/valid/Apricot___diseased/apricot_d054.JPG,Apricot___diseased
plant_k/valid/Apricot___diseased/apricot_d109.JPG,Apricot___diseased
plant_k/valid/Apricot___diseased/apricot_d037.JPG,Apricot___diseased
plant_k/valid/Apricot___diseased/apricot_d099.JPG,Apricot___diseased
plant_k/valid/Apricot___diseased/ag_120.jpg,Apricot___diseased
plant_k/valid/Apricot___diseased/ag_79.jpg,Apricot___diseased
plant_k/valid/Apricot___diseased/ag_102.jpg,Apricot___diseased
plant_k/valid/Apricot___diseased/ag_57.jpg,Apricot___diseased
plant_k/valid/Apricot___diseased/apricot_d022.JPG,Apricot___diseased
plant_k/valid/Apricot___diseased/apricot_d165.JPG,Apricot___diseased
plant_k/valid/Apricot___diseased/ag_22.jpg,Apricot___diseased
plant_k/valid/Apricot___diseased/apricot_d015.JPG,Apricot___diseased
plant_k/valid/Apricot___diseased/apricot_d089.JPG,Apricot___diseased
plant_k/valid/Apricot___diseased/ag_21.jpg,Apricot___diseased
plant_k/valid/Apricot___diseased/apricot_d166.JPG,Apricot___diseased
plant_k/valid/Apricot___diseased/apricot_d174.JPG,Apricot___diseased
plant_k/valid/Apricot___diseased/ag_38.jpg,Apricot___diseased
plant_k/valid/Apricot___diseased/apricot_d145.JPG,Apricot___diseased
plant_k/valid/Apricot___diseased/apricot_d033.JPG,Apricot___diseased
plant_k/valid/Apricot___diseased/ag_106.jpg,Apricot___diseased
plant_k/valid/Apricot___diseased/apricot_d180.JPG,Apricot___diseased
plant_k/valid/Apricot___diseased/apricot_d018.JPG,Apricot___diseased
plant_k/valid/Apricot___diseased/ag_35.jpg,Apricot___diseased
plant_k/valid/Apricot___diseased/ag_81.jpg,Apricot___diseased
plant_k/valid/Apricot___diseased/ag_83.jpg,Apricot___diseased
plant_k/valid/Apricot___diseased/apricot_d027.JPG,Apricot___diseased
plant_k/valid/Apricot___diseased/apricot_d010.JPG,Apricot___diseased
plant_k/valid/Apricot___diseased/ag_89.jpg,Apricot___diseased
plant_k/valid/Apricot___diseased/ag_86.jpg,Apricot___diseased
plant_k/valid/Apricot___diseased/apricot_d083.JPG,Apricot___diseased
plant_k/valid/Apricot___diseased/ag_32.jpg,Apricot___diseased
plant_k/valid/Apricot___diseased/ag_47.jpg,Apricot___diseased
plant_k/valid/Apricot___diseased/ag_55.jpg,Apricot___diseased
plant_k/valid/Apricot___diseased/apricot_d149.JPG,Apricot___diseased
plant_k/valid/Apricot___diseased/apricot_d053.JPG,Apricot___diseased
plant_k/valid/Apricot___diseased/ag_100.jpg,Apricot___diseased
plant_k/valid/Apricot___diseased/ag_62.jpg,Apricot___diseased
plant_k/valid/Apricot___diseased/apricot_d139.JPG,Apricot___diseased
plant_k/valid/Apricot___diseased/apricot_d144.JPG,Apricot___diseased
plant_k/valid/Apricot___diseased/ag_65.jpg,Apricot___diseased
plant_k/valid/Apricot___diseased/apricot_d043.JPG,Apricot___diseased
plant_k/valid/Apricot___diseased/apricot_d068.JPG,Apricot___diseased
plant_k/valid/Apricot___diseased/apricot_d076.JPG,Apricot___diseased
plant_k/valid/Apricot___diseased/ag_51.jpg,Apricot___diseased
plant_k/valid/Apricot___diseased/apricot_d162.JPG,Apricot___diseased
plant_k/valid/Apricot___diseased/apricot_d063.JPG,Apricot___diseased
plant_k/valid/Apricot___diseased/ag_19.jpg,Apricot___diseased
plant_k/valid/Apricot___healthy/ag_113.jpg,Apricot___healthy
plant_k/valid/Apricot___healthy/apricot_h046.JPG,Apricot___healthy
plant_k/valid/Apricot___healthy/ag_98.jpg,Apricot___healthy
plant_k/valid/Apricot___healthy/ag_3.jpg,Apricot___healthy
plant_k/valid/Apricot___healthy/ag_34.jpg,Apricot___healthy
plant_k/valid/Apricot___healthy/ag_128.jpg,Apricot___healthy
plant_k/valid/Apricot___healthy/apricot_h051.JPG,Apricot___healthy
plant_k/valid/Apricot___healthy/apricot_h041.JPG,Apricot___healthy
plant_k/valid/Apricot___healthy/ag_58.jpg,Apricot___healthy
plant_k/valid/Apricot___healthy/ag_167.jpg,Apricot___healthy
plant_k/valid/Apricot___healthy/ag_12.jpg,Apricot___healthy
plant_k/valid/Apricot___healthy/ag_20.jpg,Apricot___healthy
plant_k/valid/Apricot___healthy/ag_224.jpg,Apricot___healthy
plant_k/valid/Apricot___healthy/ag_104.jpg,Apricot___healthy
plant_k/valid/Apricot___healthy/apricot_h082.JPG,Apricot___healthy
plant_k/valid/Apricot___healthy/ag_168.jpg,Apricot___healthy
plant_k/valid/Apricot___healthy/ag_71.jpg,Apricot___healthy
plant_k/valid/Apricot___healthy/ag_15.jpg,Apricot___healthy
plant_k/valid/Apricot___healthy/ag_43.jpg,Apricot___healthy
plant_k/valid/Apricot___healthy/ag_67.jpg,Apricot___healthy
plant_k/valid/Apricot___healthy/ag_4.jpg,Apricot___healthy
plant_k/valid/Apricot___healthy/apricot_h026.JPG,Apricot___healthy
plant_k/valid/Apricot___healthy/ag_120.jpg,Apricot___healthy
plant_k/valid/Apricot___healthy/ag_90.jpg,Apricot___healthy
plant_k/valid/Apricot___healthy/ag_79.jpg,Apricot___healthy
plant_k/valid/Apricot___healthy/ag_102.jpg,Apricot___healthy
plant_k/valid/Apricot___healthy/apricot_h067.JPG,Apricot___healthy
plant_k/valid/Apricot___healthy/ag_202.jpg,Apricot___healthy
plant_k/valid/Apricot___healthy/ag_23.jpg,Apricot___healthy
plant_k/valid/Apricot___healthy/apricot_h011.JPG,Apricot___healthy
plant_k/valid/Apricot___healthy/ag_136.jpg,Apricot___healthy
plant_k/valid/Apricot___healthy/ag_174.jpg,Apricot___healthy
plant_k/valid/Apricot___healthy/apricot_h001.JPG,Apricot___healthy
plant_k/valid/Apricot___healthy/ag_152.jpg,Apricot___healthy
plant_k/valid/Apricot___healthy/ag_182.jpg,Apricot___healthy
plant_k/valid/Apricot___healthy/apricot_h076.JPG,Apricot___healthy
plant_k/valid/Apricot___healthy/ag_106.jpg,Apricot___healthy
plant_k/valid/Apricot___healthy/apricot_h064.JPG,Apricot___healthy
plant_k/valid/Apricot___healthy/ag_77.jpg,Apricot___healthy
plant_k/valid/Apricot___healthy/ag_164.jpg,Apricot___healthy
plant_k/valid/Apricot___healthy/ag_49.jpg,Apricot___healthy
plant_k/valid/Apricot___healthy/apricot_h079.JPG,Apricot___healthy
plant_k/valid/Apricot___healthy/ag_139.jpg,Apricot___healthy
plant_k/valid/Apricot___healthy/ag_205.jpg,Apricot___healthy
plant_k/valid/Apricot___healthy/ag_192.jpg,Apricot___healthy
plant_k/valid/Apricot___healthy/ag_26.jpg,Apricot___healthy
plant_k/valid/Apricot___healthy/ag_55.jpg,Apricot___healthy
plant_k/valid/Apricot___healthy/ag_100.jpg,Apricot___healthy
plant_k/valid/Apricot___healthy/apricot_h068.JPG,Apricot___healthy
plant_k/valid/Apricot___healthy/ag_18.jpg,Apricot___healthy
plant_k/valid/Apricot___healthy/ag_14.jpg,Apricot___healthy
plant_k/valid/Apricot___healthy/apricot_h047.JPG,Apricot___healthy
plant_k/valid/Apricot___healthy/ag_40.jpg,Apricot___healthy
plant_k/valid/Apricot___healthy/ag_59.jpg,Apricot___healthy
plant_k/valid/Apricot___healthy/ag_172.jpg,Apricot___healthy
plant_k/valid/Apricot___healthy/ag_196.jpg,Apricot___healthy
plant_k/valid/Apricot___healthy/ag_199.jpg,Apricot___healthy
plant_k/valid/Apricot___healthy/ag_169.jpg,Apricot___healthy
plant_k/valid/Apricot___healthy/ag_155.jpg,Apricot___healthy
plant_k/valid/Apricot___healthy/apricot_h071.JPG,Apricot___healthy
plant_k/valid/Apricot___healthy/ag_85.jpg,Apricot___healthy
plant_k/valid/Apricot___healthy/apricot_h052.JPG,Apricot___healthy
plant_k/valid/Apricot___healthy/apricot_h069.JPG,Apricot___healthy
plant_k/valid/Cherry___diseased/ag_27.jpg,Cherry___diseased
plant_k/valid/Cherry___diseased/cherry_d082.JPG,Cherry___diseased
plant_k/valid/Cherry___diseased/ag_113.jpg,Cherry___diseased
plant_k/valid/Cherry___diseased/cherry_d004.JPG,Cherry___diseased
plant_k/valid/Cherry___diseased/cherry_d024.JPG,Cherry___diseased
plant_k/valid/Cherry___diseased/cherry_d073.JPG,Cherry___diseased
plant_k/valid/Cherry___diseased/ag_34.jpg,Cherry___diseased
plant_k/valid/Cherry___diseased/ag_128.jpg,Cherry___diseased
plant_k/valid/Cherry___diseased/ag_167.jpg,Cherry___diseased
plant_k/valid/Cherry___diseased/ag_12.jpg,Cherry___diseased
plant_k/valid/Cherry___diseased/ag_60.jpg,Cherry___diseased
plant_k/valid/Cherry___diseased/ag_200.jpg,Cherry___diseased
plant_k/valid/Cherry___diseased/cherry_d013.JPG,Cherry___diseased
plant_k/valid/Cherry___diseased/ag_104.jpg,Cherry___diseased
plant_k/valid/Cherry___diseased/ag_33.jpg,Cherry___diseased
plant_k/valid/Cherry___diseased/ag_168.jpg,Cherry___diseased
plant_k/valid/Cherry___diseased/cherry_d076.JPG,Cherry___diseased
plant_k/valid/Cherry___diseased/cherry_d038.JPG,Cherry___diseased
plant_k/valid/Cherry___diseased/ag_39.jpg,Cherry___diseased
plant_k/valid/Cherry___diseased/ag_41.jpg,Cherry___diseased
plant_k/valid/Cherry___diseased/ag_15.jpg,Cherry___diseased
plant_k/valid/Cherry___diseased/ag_84.jpg,Cherry___diseased
plant_k/valid/Cherry___diseased/ag_67.jpg,Cherry___diseased
plant_k/valid/Cherry___diseased/ag_217.jpg,Cherry___diseased
plant_k/valid/Cherry___diseased/cherry_d006.JPG,Cherry___diseased
plant_k/valid/Cherry___diseased/ag_120.jpg,Cherry___diseased
plant_k/valid/Cherry___diseased/ag_211.jpg,Cherry___diseased
plant_k/valid/Cherry___diseased/ag_102.jpg,Cherry___diseased
plant_k/valid/Cherry___diseased/ag_57.jpg,Cherry___diseased
plant_k/valid/Cherry___diseased/ag_202.jpg,Cherry___diseased
plant_k/valid/Cherry___diseased/ag_136.jpg,Cherry___diseased
plant_k/valid/Cherry___diseased/ag_174.jpg,Cherry___diseased
plant_k/valid/Cherry___diseased/cherry_d074.JPG,Cherry___diseased
plant_k/valid/Cherry___diseased/ag_152.jpg,Cherry___diseased
plant_k/valid/Cherry___diseased/ag_183.jpg,Cherry___diseased
plant_k/valid/Cherry___diseased/cherry_d020.JPG,Cherry___diseased
plant_k/valid/Cherry___diseased/ag_106.jpg,Cherry___diseased
plant_k/valid/Cherry___diseased/ag_49.jpg,Cherry___diseased
plant_k/valid/Cherry___diseased/cherry_d016.JPG,Cherry___diseased
plant_k/valid/Cherry___diseased/ag_63.jpg,Cherry___diseased
plant_k/valid/Cherry___diseased/ag_139.jpg,Cherry___diseased
plant_k/valid/Cherry___diseased/ag_88.jpg,Cherry___diseased
plant_k/valid/Cherry___diseased/ag_205.jpg,Cherry___diseased
plant_k/valid/Cherry___diseased/ag_86.jpg,Cherry___diseased
plant_k/valid/Cherry___diseased/cherry_d057.JPG,Cherry___diseased
plant_k/valid/Cherry___diseased/ag_31.jpg,Cherry___diseased
plant_k/valid/Cherry___diseased/cherry_d060.JPG,Cherry___diseased
plant_k/valid/Cherry___diseased/ag_100.jpg,Cherry___diseased
plant_k/valid/Cherry___diseased/cherry_d061.JPG,Cherry___diseased
plant_k/valid/Cherry___diseased/ag_18.jpg,Cherry___diseased
plant_k/valid/Cherry___diseased/ag_14.jpg,Cherry___diseased
plant_k/valid/Cherry___diseased/ag_40.jpg,Cherry___diseased
plant_k/valid/Cherry___diseased/ag_172.jpg,Cherry___diseased
plant_k/valid/Cherry___diseased/ag_199.jpg,Cherry___diseased
plant_k/valid/Cherry___diseased/ag_99.jpg,Cherry___diseased
plant_k/valid/Cherry___diseased/ag_169.jpg,Cherry___diseased
plant_k/valid/Cherry___diseased/ag_166.jpg,Cherry___diseased
plant_k/valid/Cherry___diseased/ag_64.jpg,Cherry___diseased
plant_k/valid/Cherry___diseased/ag_61.jpg,Cherry___diseased
plant_k/valid/Cherry___diseased/ag_155.jpg,Cherry___diseased
plant_k/valid/Cherry___diseased/ag_8.jpg,Cherry___diseased
plant_k/valid/Cherry___diseased/ag_85.jpg,Cherry___diseased
plant_k/valid/Cherry___diseased/cherry_d069.jpg,Cherry___diseased
plant_k/valid/Cherry___healthy/cherry_h084.JPG,Cherry___healthy
plant_k/valid/Cherry___healthy/ag_27.jpg,Cherry___healthy
plant_k/valid/Cherry___healthy/ag_76.jpg,Cherry___healthy
plant_k/valid/Cherry___healthy/ag_113.jpg,Cherry___healthy
plant_k/valid/Cherry___healthy/cherry_h056.JPG,Cherry___healthy
plant_k/valid/Cherry___healthy/ag_69.jpg,Cherry___healthy
plant_k/valid/Cherry___healthy/ag_128.jpg,Cherry___healthy
plant_k/valid/Cherry___healthy/ag_167.jpg,Cherry___healthy
plant_k/valid/Cherry___healthy/ag_12.jpg,Cherry___healthy
plant_k/valid/Cherry___healthy/ag_104.jpg,Cherry___healthy
plant_k/valid/Cherry___healthy/cherry_h061.JPG,Cherry___healthy
plant_k/valid/Cherry___healthy/ag_45.jpg,Cherry___healthy
plant_k/valid/Cherry___healthy/ag_168.jpg,Cherry___healthy
plant_k/valid/Cherry___healthy/ag_78.jpg,Cherry___healthy
plant_k/valid/Cherry___healthy/ag_39.jpg,Cherry___healthy
plant_k/valid/Cherry___healthy/cherry_h0111.JPG,Cherry___healthy
plant_k/valid/Cherry___healthy/ag_71.jpg,Cherry___healthy
plant_k/valid/Cherry___healthy/ag_15.jpg,Cherry___healthy
plant_k/valid/Cherry___healthy/ag_84.jpg,Cherry___healthy
plant_k/valid/Cherry___healthy/ag_43.jpg,Cherry___healthy
plant_k/valid/Cherry___healthy/ag_67.jpg,Cherry___healthy
plant_k/valid/Cherry___healthy/ag_2.jpg,Cherry___healthy
plant_k/valid/Cherry___healthy/cherry_h049.JPG,Cherry___healthy
plant_k/valid/Cherry___healthy/cherry_h046.JPG,Cherry___healthy
plant_k/valid/Cherry___healthy/ag_120.jpg,Cherry___healthy
plant_k/valid/Cherry___healthy/ag_102.jpg,Cherry___healthy
plant_k/valid/Cherry___healthy/cherry_h0109.JPG,Cherry___healthy
plant_k/valid/Cherry___healthy/ag_136.jpg,Cherry___healthy
plant_k/valid/Cherry___healthy/cherry_h065.JPG,Cherry___healthy
plant_k/valid/Cherry___healthy/ag_21.jpg,Cherry___healthy
plant_k/valid/Cherry___healthy/ag_174.jpg,Cherry___healthy
plant_k/valid/Cherry___healthy/cherry_h022.JPG,Cherry___healthy
plant_k/valid/Cherry___healthy/ag_152.jpg,Cherry___healthy
plant_k/valid/Cherry___healthy/ag_182.jpg,Cherry___healthy
plant_k/valid/Cherry___healthy/cherry_h005.JPG,Cherry___healthy
plant_k/valid/Cherry___healthy/ag_106.jpg,Cherry___healthy
plant_k/valid/Cherry___healthy/ag_81.jpg,Cherry___healthy
plant_k/valid/Cherry___healthy/ag_164.jpg,Cherry___healthy
plant_k/valid/Cherry___healthy/ag_139.jpg,Cherry___healthy
plant_k/valid/Cherry___healthy/ag_88.jpg,Cherry___healthy
plant_k/valid/Cherry___healthy/cherry_h0115.JPG,Cherry___healthy
plant_k/valid/Cherry___healthy/ag_96.jpg,Cherry___healthy
plant_k/valid/Cherry___healthy/ag_192.jpg,Cherry___healthy
plant_k/valid/Cherry___healthy/ag_24.jpg,Cherry___healthy
plant_k/valid/Cherry___healthy/ag_82.jpg,Cherry___healthy
plant_k/valid/Cherry___healthy/cherry_h089.JPG,Cherry___healthy
plant_k/valid/Cherry___healthy/cherry_h088.JPG,Cherry___healthy
plant_k/valid/Cherry___healthy/ag_100.jpg,Cherry___healthy
plant_k/valid/Cherry___healthy/ag_62.jpg,Cherry___healthy
plant_k/valid/Cherry___healthy/cherry_h064.JPG,Cherry___healthy
plant_k/valid/Cherry___healthy/cherry_h037.JPG,Cherry___healthy
plant_k/valid/Cherry___healthy/ag_18.jpg,Cherry___healthy
plant_k/valid/Cherry___healthy/ag_14.jpg,Cherry___healthy
plant_k/valid/Cherry___healthy/cherry_h080.JPG,Cherry___healthy
plant_k/valid/Cherry___healthy/ag_51.jpg,Cherry___healthy
plant_k/valid/Cherry___healthy/ag_172.jpg,Cherry___healthy
plant_k/valid/Cherry___healthy/ag_196.jpg,Cherry___healthy
plant_k/valid/Cherry___healthy/cherry_h0113.JPG,Cherry___healthy
plant_k/valid/Cherry___healthy/ag_169.jpg,Cherry___healthy
plant_k/valid/Cherry___healthy/cherry_h086.JPG,Cherry___healthy
plant_k/valid/Cherry___healthy/ag_155.jpg,Cherry___healthy
plant_k/valid/Cherry___healthy/cherry_h092.JPG,Cherry___healthy
plant_k/valid/Cherry___healthy/cherry_h008.JPG,Cherry___healthy
plant_k/valid/Cherry___healthy/cherry_h021.JPG,Cherry___healthy
plant_k/valid/Cranberry___diseased/ag_113.jpg,Cranberry___diseased
plant_k/valid/Cranberry___diseased/ag_98.jpg,Cranberry___diseased
plant_k/valid/Cranberry___diseased/cranberry_d054.JPG,Cranberry___diseased
plant_k/valid/Cranberry___diseased/cranberry_d075.JPG,Cranberry___diseased
plant_k/valid/Cranberry___diseased/ag_128.jpg,Cranberry___diseased
plant_k/valid/Cranberry___diseased/cranberry_d019.JPG,Cranberry___diseased
plant_k/valid/Cranberry___diseased/ag_167.jpg,Cranberry___diseased
plant_k/valid/Cranberry___diseased/ag_12.jpg,Cranberry___diseased
plant_k/valid/Cranberry___diseased/cranberry_d072.JPG,Cranberry___diseased
plant_k/valid/Cranberry___diseased/ag_20.jpg,Cranberry___diseased
plant_k/valid/Cranberry___diseased/ag_66.jpg,Cranberry___diseased
plant_k/valid/Cranberry___diseased/ag_92.jpg,Cranberry___diseased
plant_k/valid/Cranberry___diseased/ag_104.jpg,Cranberry___diseased
plant_k/valid/Cranberry___diseased/ag_50.jpg,Cranberry___diseased
plant_k/valid/Cranberry___diseased/ag_33.jpg,Cranberry___diseased
plant_k/valid/Cranberry___diseased/ag_168.jpg,Cranberry___diseased
plant_k/valid/Cranberry___diseased/ag_74.jpg,Cranberry___diseased
plant_k/valid/Cranberry___diseased/ag_41.jpg,Cranberry___diseased
plant_k/valid/Cranberry___diseased/ag_48.jpg,Cranberry___diseased
plant_k/valid/Cranberry___diseased/ag_15.jpg,Cranberry___diseased
plant_k/valid/Cranberry___diseased/ag_84.jpg,Cranberry___diseased
plant_k/valid/Cranberry___diseased/ag_120.jpg,Cranberry___diseased
plant_k/valid/Cranberry___diseased/cranberry_d034.JPG,Cranberry___diseased
plant_k/valid/Cranberry___diseased/ag_79.jpg,Cranberry___diseased
plant_k/valid/Cranberry___diseased/ag_102.jpg,Cranberry___diseased
plant_k/valid/Cranberry___diseased/ag_202.jpg,Cranberry___diseased
plant_k/valid/Cranberry___diseased/cranberry_d079.JPG,Cranberry___diseased
plant_k/valid/Cranberry___diseased/ag_136.jpg,Cranberry___diseased
plant_k/valid/Cranberry___diseased/ag_30.jpg,Cranberry___diseased
plant_k/valid/Cranberry___diseased/cranberry_d060.JPG,Cranberry___diseased
plant_k/valid/Cranberry___diseased/ag_174.jpg,Cranberry___diseased
plant_k/valid/Cranberry___diseased/ag_37.jpg,Cranberry___diseased
plant_k/valid/Cranberry___diseased/cranberry_d084.JPG,Cranberry___diseased
plant_k/valid/Cranberry___diseased/ag_152.jpg,Cranberry___diseased
plant_k/valid/Cranberry___diseased/ag_182.jpg,Cranberry___diseased
plant_k/valid/Cranberry___diseased/ag_106.jpg,Cranberry___diseased
plant_k/valid/Cranberry___diseased/cranberry_d055.JPG,Cranberry___diseased
plant_k/valid/Cranberry___diseased/cranberry_d049.JPG,Cranberry___diseased
plant_k/valid/Cranberry___diseased/ag_164.jpg,Cranberry___diseased
plant_k/valid/Cranberry___diseased/ag_139.jpg,Cranberry___diseased
plant_k/valid/Cranberry___diseased/ag_205.jpg,Cranberry___diseased
plant_k/valid/Cranberry___diseased/ag_86.jpg,Cranberry___diseased
plant_k/valid/Cranberry___diseased/ag_192.jpg,Cranberry___diseased
plant_k/valid/Cranberry___diseased/ag_26.jpg,Cranberry___diseased
plant_k/valid/Cranberry___diseased/ag_47.jpg,Cranberry___diseased
plant_k/valid/Cranberry___diseased/cranberry_d009.JPG,Cranberry___diseased
plant_k/valid/Cranberry___diseased/ag_100.jpg,Cranberry___diseased
plant_k/valid/Cranberry___diseased/ag_56.jpg,Cranberry___diseased
plant_k/valid/Cranberry___diseased/ag_62.jpg,Cranberry___diseased
plant_k/valid/Cranberry___diseased/cranberry_d059.JPG,Cranberry___diseased
plant_k/valid/Cranberry___diseased/cranberry_d077.JPG,Cranberry___diseased
plant_k/valid/Cranberry___diseased/ag_65.jpg,Cranberry___diseased
plant_k/valid/Cranberry___diseased/ag_18.jpg,Cranberry___diseased
plant_k/valid/Cranberry___diseased/ag_14.jpg,Cranberry___diseased
plant_k/valid/Cranberry___diseased/ag_172.jpg,Cranberry___diseased
plant_k/valid/Cranberry___diseased/ag_196.jpg,Cranberry___diseased
plant_k/valid/Cranberry___diseased/ag_199.jpg,Cranberry___diseased
plant_k/valid/Cranberry___diseased/ag_169.jpg,Cranberry___diseased
plant_k/valid/Cranberry___diseased/cranberry_d087.JPG,Cranberry___diseased
plant_k/valid/Cranberry___diseased/ag_155.jpg,Cranberry___diseased
plant_k/valid/Cranberry___diseased/cranberry_d090.JPG,Cranberry___diseased
plant_k/valid/Cranberry___diseased/cranberry_d007.JPG,Cranberry___diseased
plant_k/valid/Cranberry___diseased/cranberry_d076.JPG,Cranberry___diseased
plant_k/valid/Cranberry___healthy/cranberry_h002.JPG,Cranberry___healthy
plant_k/valid/Cranberry___healthy/ag_27.jpg,Cranberry___healthy
plant_k/valid/Cranberry___healthy/cranberry_h007.JPG,Cranberry___healthy
plant_k/valid/Cranberry___healthy/cranberry_h009.JPG,Cranberry___healthy
plant_k/valid/Cranberry___healthy/ag_113.jpg,Cranberry___healthy
plant_k/valid/Cranberry___healthy/cranberry_h039.JPG,Cranberry___healthy
plant_k/valid/Cranberry___healthy/ag_3.jpg,Cranberry___healthy
plant_k/valid/Cranberry___healthy/ag_52.jpg,Cranberry___healthy
plant_k/valid/Cranberry___healthy/cranberry_h096.JPG,Cranberry___healthy
plant_k/valid/Cranberry___healthy/cranberry_h105.JPG,Cranberry___healthy
plant_k/valid/Cranberry___healthy/ag_7.jpg,Cranberry___healthy
plant_k/valid/Cranberry___healthy/ag_128.jpg,Cranberry___healthy
plant_k/valid/Cranberry___healthy/ag_167.jpg,Cranberry___healthy
plant_k/valid/Cranberry___healthy/ag_12.jpg,Cranberry___healthy
plant_k/valid/Cranberry___healthy/ag_25.jpg,Cranberry___healthy
plant_k/valid/Cranberry___healthy/cranberry_h099.JPG,Cranberry___healthy
plant_k/valid/Cranberry___healthy/ag_104.jpg,Cranberry___healthy
plant_k/valid/Cranberry___healthy/ag_168.jpg,Cranberry___healthy
plant_k/valid/Cranberry___healthy/cranberry_h027.JPG,Cranberry___healthy
plant_k/valid/Cranberry___healthy/ag_78.jpg,Cranberry___healthy
plant_k/valid/Cranberry___healthy/ag_41.jpg,Cranberry___healthy
plant_k/valid/Cranberry___healthy/ag_48.jpg,Cranberry___healthy
plant_k/valid/Cranberry___healthy/ag_15.jpg,Cranberry___healthy
plant_k/valid/Cranberry___healthy/ag_84.jpg,Cranberry___healthy
plant_k/valid/Cranberry___healthy/cranberry_h047.JPG,Cranberry___healthy
plant_k/valid/Cranberry___healthy/cranberry_h084.JPG,Cranberry___healthy
plant_k/valid/Cranberry___healthy/cranberry_h061.JPG,Cranberry___healthy
plant_k/valid/Cranberry___healthy/ag_120.jpg,Cranberry___healthy
plant_k/valid/Cranberry___healthy/ag_102.jpg,Cranberry___healthy
plant_k/valid/Cranberry___healthy/cranberry_h083.JPG,Cranberry___healthy
plant_k/valid/Cranberry___healthy/ag_136.jpg,Cranberry___healthy
plant_k/valid/Cranberry___healthy/ag_22.jpg,Cranberry___healthy
plant_k/valid/Cranberry___healthy/cranberry_h036.JPG,Cranberry___healthy
plant_k/valid/Cranberry___healthy/ag_174.jpg,Cranberry___healthy
plant_k/valid/Cranberry___healthy/cranberry_h023.JPG,Cranberry___healthy
plant_k/valid/Cranberry___healthy/ag_152.jpg,Cranberry___healthy
plant_k/valid/Cranberry___healthy/ag_183.jpg,Cranberry___healthy
plant_k/valid/Cranberry___healthy/cranberry_h080.JPG,Cranberry___healthy
plant_k/valid/Cranberry___healthy/cranberry_h011.JPG,Cranberry___healthy
plant_k/valid/Cranberry___healthy/ag_106.jpg,Cranberry___healthy
plant_k/valid/Cranberry___healthy/ag_81.jpg,Cranberry___healthy
plant_k/valid/Cranberry___healthy/cranberry_h008.JPG,Cranberry___healthy
plant_k/valid/Cranberry___healthy/ag_139.jpg,Cranberry___healthy
plant_k/valid/Cranberry___healthy/ag_88.jpg,Cranberry___healthy
plant_k/valid/Cranberry___healthy/ag_82.jpg,Cranberry___healthy
plant_k/valid/Cranberry___healthy/ag_55.jpg,Cranberry___healthy
plant_k/valid/Cranberry___healthy/ag_54.jpg,Cranberry___healthy
plant_k/valid/Cranberry___healthy/cranberry_h097.JPG,Cranberry___healthy
plant_k/valid/Cranberry___healthy/ag_100.jpg,Cranberry___healthy
plant_k/valid/Cranberry___healthy/ag_62.jpg,Cranberry___healthy
plant_k/valid/Cranberry___healthy/ag_6.jpg,Cranberry___healthy
plant_k/valid/Cranberry___healthy/cranberry_h029.JPG,Cranberry___healthy
plant_k/valid/Cranberry___healthy/ag_18.jpg,Cranberry___healthy
plant_k/valid/Cranberry___healthy/ag_14.jpg,Cranberry___healthy
plant_k/valid/Cranberry___healthy/ag_172.jpg,Cranberry___healthy
plant_k/valid/Cranberry___healthy/cranberry_h043.JPG,Cranberry___healthy
plant_k/valid/Cranberry___healthy/ag_169.jpg,Cranberry___healthy
plant_k/valid/Cranberry___healthy/ag_166.jpg,Cranberry___healthy
plant_k/valid/Cranberry___healthy/ag_61.jpg,Cranberry___healthy
plant_k/valid/Cranberry___healthy/ag_155.jpg,Cranberry___healthy
plant_k/valid/Cranberry___healthy/ag_85.jpg,Cranberry___healthy
plant_k/valid/Cranberry___healthy/ag_36.jpg,Cranberry___healthy
plant_k/valid/Cranberry___healthy/cranberry_h092.JPG,Cranberry___healthy
plant_k/valid/Grapes___diseased/ag_221.jpg,Grapes___diseased
plant_k/valid/Grapes___diseased/ag_76.jpg,Grapes___diseased
plant_k/valid/Grapes___diseased/ag_113.jpg,Grapes___diseased
plant_k/valid/Grapes___diseased/ag_98.jpg,Grapes___diseased
plant_k/valid/Grapes___diseased/ag_3.jpg,Grapes___diseased
plant_k/valid/Grapes___diseased/ag_128.jpg,Grapes___diseased
plant_k/valid/Grapes___diseased/ag_247.jpg,Grapes___diseased
plant_k/valid/Grapes___diseased/ag_167.jpg,Grapes___diseased
plant_k/valid/Grapes___diseased/ag_12.jpg,Grapes___diseased
plant_k/valid/Grapes___diseased/ag_25.jpg,Grapes___diseased
plant_k/valid/Grapes___diseased/ag_20.jpg,Grapes___diseased
plant_k/valid/Grapes___diseased/ag_104.jpg,Grapes___diseased
plant_k/valid/Grapes___diseased/ag_50.jpg,Grapes___diseased
plant_k/valid/Grapes___diseased/ag_168.jpg,Grapes___diseased
plant_k/valid/Grapes___diseased/ag_75.jpg,Grapes___diseased
plant_k/valid/Grapes___diseased/ag_274.jpg,Grapes___diseased
plant_k/valid/Grapes___diseased/ag_245.jpg,Grapes___diseased
plant_k/valid/Grapes___diseased/grapes_d002.JPG,Grapes___diseased
plant_k/valid/Grapes___diseased/ag_15.jpg,Grapes___diseased
plant_k/valid/Grapes___diseased/ag_254.jpg,Grapes___diseased
plant_k/valid/Grapes___diseased/ag_217.jpg,Grapes___diseased
plant_k/valid/Grapes___diseased/ag_9.jpg,Grapes___diseased
plant_k/valid/Grapes___diseased/ag_120.jpg,Grapes___diseased
plant_k/valid/Grapes___diseased/ag_102.jpg,Grapes___diseased
plant_k/valid/Grapes___diseased/ag_202.jpg,Grapes___diseased
plant_k/valid/Grapes___diseased/ag_23.jpg,Grapes___diseased
plant_k/valid/Grapes___diseased/ag_136.jpg,Grapes___diseased
plant_k/valid/Grapes___diseased/ag_300.jpg,Grapes___diseased
plant_k/valid/Grapes___diseased/ag_68.jpg,Grapes___diseased
plant_k/valid/Grapes___diseased/ag_174.jpg,Grapes___diseased
plant_k/valid/Grapes___diseased/ag_37.jpg,Grapes___diseased
plant_k/valid/Grapes___diseased/ag_256.jpg,Grapes___diseased
plant_k/valid/Grapes___diseased/ag_152.jpg,Grapes___diseased
plant_k/valid/Grapes___diseased/ag_182.jpg,Grapes___diseased
plant_k/valid/Grapes___diseased/ag_298.jpg,Grapes___diseased
plant_k/valid/Grapes___diseased/ag_106.jpg,Grapes___diseased
plant_k/valid/Grapes___diseased/ag_164.jpg,Grapes___diseased
plant_k/valid/Grapes___diseased/ag_223.jpg,Grapes___diseased
plant_k/valid/Grapes___diseased/ag_139.jpg,Grapes___diseased
plant_k/valid/Grapes___diseased/ag_260.jpg,Grapes___diseased
plant_k/valid/Grapes___diseased/ag_240.jpg,Grapes___diseased
plant_k/valid/Grapes___diseased/ag_205.jpg,Grapes___diseased
plant_k/valid/Grapes___diseased/ag_192.jpg,Grapes___diseased
plant_k/valid/Grapes___diseased/ag_262.jpg,Grapes___diseased
plant_k/valid/Grapes___diseased/ag_26.jpg,Grapes___diseased
plant_k/valid/Grapes___diseased/ag_266.jpg,Grapes___diseased
plant_k/valid/Grapes___diseased/ag_95.jpg,Grapes___diseased
plant_k/valid/Grapes___diseased/ag_295.jpg,Grapes___diseased
plant_k/valid/Grapes___diseased/ag_72.jpg,Grapes___diseased
plant_k/valid/Grapes___diseased/ag_284.jpg,Grapes___diseased
plant_k/valid/Grapes___diseased/ag_100.jpg,Grapes___diseased
plant_k/valid/Grapes___diseased/ag_93.jpg,Grapes___diseased
plant_k/valid/Grapes___diseased/ag_18.jpg,Grapes___diseased
plant_k/valid/Grapes___diseased/ag_14.jpg,Grapes___diseased
plant_k/valid/Grapes___diseased/ag_59.jpg,Grapes___diseased
plant_k/valid/Grapes___diseased/ag_172.jpg,Grapes___diseased
plant_k/valid/Grapes___diseased/ag_196.jpg,Grapes___diseased
plant_k/valid/Grapes___diseased/ag_199.jpg,Grapes___diseased
plant_k/valid/Grapes___diseased/ag_169.jpg,Grapes___diseased
plant_k/valid/Grapes___diseased/ag_61.jpg,Grapes___diseased
plant_k/valid/Grapes___diseased/ag_97.jpg,Grapes___diseased
plant_k/valid/Grapes___diseased/ag_155.jpg,Grapes___diseased
plant_k/valid/Grapes___diseased/ag_281.jpg,Grapes___diseased
plant_k/valid/Grapes___diseased/ag_36.jpg,Grapes___diseased
plant_k/valid/Grapes___healthy/grapes_h011.JPG,Grapes___healthy
plant_k/valid/Grapes___healthy/ag_27.jpg,Grapes___healthy
plant_k/valid/Grapes___healthy/grapes_h056.JPG,Grapes___healthy
plant_k/valid/Grapes___healthy/grapes_h091.JPG,Grapes___healthy
plant_k/valid/Grapes___healthy/ag_113.jpg,Grapes___healthy
plant_k/valid/Grapes___healthy/grapes_h140.JPG,Grapes___healthy
plant_k/valid/Grapes___healthy/grapes_h128.JPG,Grapes___healthy
plant_k/valid/Grapes___healthy/ag_128.jpg,Grapes___healthy
plant_k/valid/Grapes___healthy/ag_58.jpg,Grapes___healthy
plant_k/valid/Grapes___healthy/ag_12.jpg,Grapes___healthy
plant_k/valid/Grapes___healthy/ag_25.jpg,Grapes___healthy
plant_k/valid/Grapes___healthy/ag_66.jpg,Grapes___healthy
plant_k/valid/Grapes___healthy/ag_92.jpg,Grapes___healthy
plant_k/valid/Grapes___healthy/grapes_h022.JPG,Grapes___healthy
plant_k/valid/Grapes___healthy/ag_104.jpg,Grapes___healthy
plant_k/valid/Grapes___healthy/ag_50.jpg,Grapes___healthy
plant_k/valid/Grapes___healthy/grapes_h043.JPG,Grapes___healthy
plant_k/valid/Grapes___healthy/grapes_h101.JPG,Grapes___healthy
plant_k/valid/Grapes___healthy/ag_33.jpg,Grapes___healthy
plant_k/valid/Grapes___healthy/grapes_h048.JPG,Grapes___healthy
plant_k/valid/Grapes___healthy/grapes_h014.JPG,Grapes___healthy
plant_k/valid/Grapes___healthy/grapes_h085.JPG,Grapes___healthy
plant_k/valid/Grapes___healthy/ag_71.jpg,Grapes___healthy
plant_k/valid/Grapes___healthy/ag_15.jpg,Grapes___healthy
plant_k/valid/Grapes___healthy/grapes_h040.JPG,Grapes___healthy
plant_k/valid/Grapes___healthy/ag_43.jpg,Grapes___healthy
plant_k/valid/Grapes___healthy/grapes_h077.JPG,Grapes___healthy
plant_k/valid/Grapes___healthy/grapes_h032.JPG,Grapes___healthy
plant_k/valid/Grapes___healthy/grapes_h143.JPG,Grapes___healthy
plant_k/valid/Grapes___healthy/ag_120.jpg,Grapes___healthy
plant_k/valid/Grapes___healthy/grapes_h013.JPG,Grapes___healthy
plant_k/valid/Grapes___healthy/ag_79.jpg,Grapes___healthy
plant_k/valid/Grapes___healthy/ag_102.jpg,Grapes___healthy
plant_k/valid/Grapes___healthy/ag_57.jpg,Grapes___healthy
plant_k/valid/Grapes___healthy/grapes_h021.JPG,Grapes___healthy
plant_k/valid/Grapes___healthy/ag_136.jpg,Grapes___healthy
plant_k/valid/Grapes___healthy/grapes_h023.JPG,Grapes___healthy
plant_k/valid/Grapes___healthy/grapes_h126.JPG,Grapes___healthy
plant_k/valid/Grapes___healthy/ag_152.jpg,Grapes___healthy
plant_k/valid/Grapes___healthy/grapes_h054.JPG,Grapes___healthy
plant_k/valid/Grapes___healthy/grapes_h028.JPG,Grapes___healthy
plant_k/valid/Grapes___healthy/ag_106.jpg,Grapes___healthy
plant_k/valid/Grapes___healthy/ag_35.jpg,Grapes___healthy
plant_k/valid/Grapes___healthy/grapes_h019.JPG,Grapes___healthy
plant_k/valid/Grapes___healthy/grapes_h069.JPG,Grapes___healthy
plant_k/valid/Grapes___healthy/grapes_h124.JPG,Grapes___healthy
plant_k/valid/Grapes___healthy/grapes_h030.JPG,Grapes___healthy
plant_k/valid/Grapes___healthy/ag_83.jpg,Grapes___healthy
plant_k/valid/Grapes___healthy/ag_73.jpg,Grapes___healthy
plant_k/valid/Grapes___healthy/ag_139.jpg,Grapes___healthy
plant_k/valid/Grapes___healthy/ag_86.jpg,Grapes___healthy
plant_k/valid/Grapes___healthy/grapes_h086.JPG,Grapes___healthy
plant_k/valid/Grapes___healthy/grapes_h031.JPG,Grapes___healthy
plant_k/valid/Grapes___healthy/grapes_h065.JPG,Grapes___healthy
plant_k/valid/Grapes___healthy/ag_100.jpg,Grapes___healthy
plant_k/valid/Grapes___healthy/ag_62.jpg,Grapes___healthy
plant_k/valid/Grapes___healthy/grapes_h158.JPG,Grapes___healthy
plant_k/valid/Grapes___healthy/ag_14.jpg,Grapes___healthy
plant_k/valid/Grapes___healthy/ag_53.jpg,Grapes___healthy
plant_k/valid/Grapes___healthy/ag_16.jpg,Grapes___healthy
plant_k/valid/Grapes___healthy/ag_64.jpg,Grapes___healthy
plant_k/valid/Grapes___healthy/grapes_h095.JPG,Grapes___healthy
plant_k/valid/Grapes___healthy/ag_29.jpg,Grapes___healthy
plant_k/valid/Grapes___healthy/grapes_h010.JPG,Grapes___healthy
plant_k/valid/Peach___diseased/ag_276.jpg,Peach___diseased
plant_k/valid/Peach___diseased/ag_113.jpg,Peach___diseased
plant_k/valid/Peach___diseased/ag_237.jpg,Peach___diseased
plant_k/valid/Peach___diseased/ag_98.jpg,Peach___diseased
plant_k/valid/Peach___diseased/ag_34.jpg,Peach___diseased
plant_k/valid/Peach___diseased/ag_128.jpg,Peach___diseased
plant_k/valid/Peach___diseased/ag_257.jpg,Peach___diseased
plant_k/valid/Peach___diseased/ag_263.jpg,Peach___diseased
plant_k/valid/Peach___diseased/ag_167.jpg,Peach___diseased
plant_k/valid/Peach___diseased/ag_12.jpg,Peach___diseased
plant_k/valid/Peach___diseased/ag_200.jpg,Peach___diseased
plant_k/valid/Peach___diseased/ag_228.jpg,Peach___diseased
plant_k/valid/Peach___diseased/ag_104.jpg,Peach___diseased
plant_k/valid/Peach___diseased/ag_50.jpg,Peach___diseased
plant_k/valid/Peach___diseased/ag_80.jpg,Peach___diseased
plant_k/valid/Peach___diseased/ag_168.jpg,Peach___diseased
plant_k/valid/Peach___diseased/ag_235.jpg,Peach___diseased
plant_k/valid/Peach___diseased/ag_245.jpg,Peach___diseased
plant_k/valid/Peach___diseased/ag_15.jpg,Peach___diseased
plant_k/valid/Peach___diseased/ag_84.jpg,Peach___diseased
plant_k/valid/Peach___diseased/ag_43.jpg,Peach___diseased
plant_k/valid/Peach___diseased/ag_217.jpg,Peach___diseased
plant_k/valid/Peach___diseased/ag_91.jpg,Peach___diseased
plant_k/valid/Peach___diseased/ag_120.jpg,Peach___diseased
plant_k/valid/Peach___diseased/ag_211.jpg,Peach___diseased
plant_k/valid/Peach___diseased/ag_102.jpg,Peach___diseased
plant_k/valid/Peach___diseased/ag_202.jpg,Peach___diseased
plant_k/valid/Peach___diseased/ag_23.jpg,Peach___diseased
plant_k/valid/Peach___diseased/ag_136.jpg,Peach___diseased
plant_k/valid/Peach___diseased/ag_280.jpg,Peach___diseased
plant_k/valid/Peach___diseased/ag_282.jpg,Peach___diseased
plant_k/valid/Peach___diseased/ag_230.jpg,Peach___diseased
plant_k/valid/Peach___diseased/ag_238.jpg,Peach___diseased
plant_k/valid/Peach___diseased/ag_174.jpg,Peach___diseased
plant_k/valid/Peach___diseased/ag_152.jpg,Peach___diseased
plant_k/valid/Peach___diseased/ag_183.jpg,Peach___diseased
plant_k/valid/Peach___diseased/ag_106.jpg,Peach___diseased
plant_k/valid/Peach___diseased/ag_83.jpg,Peach___diseased
plant_k/valid/Peach___diseased/ag_223.jpg,Peach___diseased
plant_k/valid/Peach___diseased/ag_63.jpg,Peach___diseased
plant_k/valid/Peach___diseased/ag_139.jpg,Peach___diseased
plant_k/valid/Peach___diseased/ag_260.jpg,Peach___diseased
plant_k/valid/Peach___diseased/ag_205.jpg,Peach___diseased
plant_k/valid/Peach___diseased/ag_96.jpg,Peach___diseased
plant_k/valid/Peach___diseased/ag_258.jpg,Peach___diseased
plant_k/valid/Peach___diseased/ag_26.jpg,Peach___diseased
plant_k/valid/Peach___diseased/ag_32.jpg,Peach___diseased
plant_k/valid/Peach___diseased/ag_47.jpg,Peach___diseased
plant_k/valid/Peach___diseased/ag_95.jpg,Peach___diseased
plant_k/valid/Peach___diseased/ag_295.jpg,Peach___diseased
plant_k/valid/Peach___diseased/ag_284.jpg,Peach___diseased
plant_k/valid/Peach___diseased/ag_100.jpg,Peach___diseased
plant_k/valid/Peach___diseased/ag_253.jpg,Peach___diseased
plant_k/valid/Peach___diseased/ag_18.jpg,Peach___diseased
plant_k/valid/Peach___diseased/ag_14.jpg,Peach___diseased
plant_k/valid/Peach___diseased/ag_40.jpg,Peach___diseased
plant_k/valid/Peach___diseased/ag_172.jpg,Peach___diseased
plant_k/valid/Peach___diseased/ag_199.jpg,Peach___diseased
plant_k/valid/Peach___diseased/peach_d005.JPG,Peach___diseased
plant_k/valid/Peach___diseased/ag_169.jpg,Peach___diseased
plant_k/valid/Peach___diseased/ag_166.jpg,Peach___diseased
plant_k/valid/Peach___diseased/ag_155.jpg,Peach___diseased
plant_k/valid/Peach___diseased/ag_281.jpg,Peach___diseased
plant_k/valid/Peach___healthy/peach_h091.JPG,Peach___healthy
plant_k/valid/Peach___healthy/peach_h279.JPG,Peach___healthy
plant_k/valid/Peach___healthy/peach_h161.JPG,Peach___healthy
plant_k/valid/Peach___healthy/peach_h137.JPG,Peach___healthy
plant_k/valid/Peach___healthy/peach_h294.JPG,Peach___healthy
plant_k/valid/Peach___healthy/peach_h003.JPG,Peach___healthy
plant_k/valid/Peach___healthy/peach_h040.JPG,Peach___healthy
plant_k/valid/Peach___healthy/peach_h235.JPG,Peach___healthy
plant_k/valid/Peach___healthy/peach_h302.JPG,Peach___healthy
plant_k/valid/Peach___healthy/peach_h071.JPG,Peach___healthy
plant_k/valid/Peach___healthy/peach_h156.JPG,Peach___healthy
plant_k/valid/Peach___healthy/peach_h251.JPG,Peach___healthy
plant_k/valid/Peach___healthy/peach_h300.JPG,Peach___healthy
plant_k/valid/Peach___healthy/peach_h130.JPG,Peach___healthy
plant_k/valid/Peach___healthy/peach_h058.JPG,Peach___healthy
plant_k/valid/Peach___healthy/peach_h221.JPG,Peach___healthy
plant_k/valid/Peach___healthy/peach_h171.JPG,Peach___healthy
plant_k/valid/Peach___healthy/peach_h173.JPG,Peach___healthy
plant_k/valid/Peach___healthy/peach_h135.JPG,Peach___healthy
plant_k/valid/Peach___healthy/peach_h216.JPG,Peach___healthy
plant_k/valid/Peach___healthy/peach_h005.JPG,Peach___healthy
plant_k/valid/Peach___healthy/peach_h193.JPG,Peach___healthy
plant_k/valid/Peach___healthy/peach_h180.JPG,Peach___healthy
plant_k/valid/Peach___healthy/peach_h236.JPG,Peach___healthy
plant_k/valid/Peach___healthy/peach_h270.JPG,Peach___healthy
plant_k/valid/Peach___healthy/peach_h204.JPG,Peach___healthy
plant_k/valid/Peach___healthy/peach_h177.JPG,Peach___healthy
plant_k/valid/Peach___healthy/peach_h219.JPG,Peach___healthy
plant_k/valid/Peach___healthy/peach_h184.JPG,Peach___healthy
plant_k/valid/Peach___healthy/peach_h178.JPG,Peach___healthy
plant_k/valid/Peach___healthy/peach_h007.JPG,Peach___healthy
plant_k/valid/Peach___healthy/peach_h263.JPG,Peach___healthy
plant_k/valid/Peach___healthy/peach_h114.JPG,Peach___healthy
plant_k/valid/Peach___healthy/peach_h022.JPG,Peach___healthy
plant_k/valid/Peach___healthy/peach_h144.JPG,Peach___healthy
plant_k/valid/Peach___healthy/peach_h117.JPG,Peach___healthy
plant_k/valid/Peach___healthy/peach_h298.JPG,Peach___healthy
plant_k/valid/Peach___healthy/peach_h055.JPG,Peach___healthy
plant_k/valid/Peach___healthy/peach_h111.JPG,Peach___healthy
plant_k/valid/Peach___healthy/peach_h044.JPG,Peach___healthy
plant_k/valid/Peach___healthy/peach_h001.JPG,Peach___healthy
plant_k/valid/Peach___healthy/peach_h082.JPG,Peach___healthy
plant_k/valid/Peach___healthy/peach_h102.JPG,Peach___healthy
plant_k/valid/Peach___healthy/peach_h306.JPG,Peach___healthy
plant_k/valid/Peach___healthy/peach_h166.JPG,Peach___healthy
plant_k/valid/Peach___healthy/peach_h015.JPG,Peach___healthy
plant_k/valid/Peach___healthy/peach_h260.JPG,Peach___healthy
plant_k/valid/Peach___healthy/peach_h109.JPG,Peach___healthy
plant_k/valid/Peach___healthy/peach_h223.JPG,Peach___healthy
plant_k/valid/Peach___healthy/peach_h275.JPG,Peach___healthy
plant_k/valid/Peach___healthy/peach_h075.JPG,Peach___healthy
plant_k/valid/Peach___healthy/peach_h303.JPG,Peach___healthy
plant_k/valid/Peach___healthy/peach_h076.JPG,Peach___healthy
plant_k/valid/Peach___healthy/peach_h023.JPG,Peach___healthy
plant_k/valid/Peach___healthy/peach_h074.JPG,Peach___healthy
plant_k/valid/Peach___healthy/peach_h088.JPG,Peach___healthy
plant_k/valid/Peach___healthy/peach_h163.JPG,Peach___healthy
plant_k/valid/Peach___healthy/peach_h061.JPG,Peach___healthy
plant_k/valid/Peach___healthy/peach_h201.JPG,Peach___healthy
plant_k/valid/Peach___healthy/peach_h043.JPG,Peach___healthy
plant_k/valid/Peach___healthy/peach_h080.JPG,Peach___healthy
plant_k/valid/Peach___healthy/peach_h106.JPG,Peach___healthy
plant_k/valid/Peach___healthy/peach_h031.JPG,Peach___healthy
plant_k/valid/Peach___healthy/peach_h278.JPG,Peach___healthy
plant_k/valid/Pear___diseased/pear_d036.JPG,Pear___diseased
plant_k/valid/Pear___diseased/ag_27.jpg,Pear___diseased
plant_k/valid/Pear___diseased/ag_113.jpg,Pear___diseased
plant_k/valid/Pear___diseased/pear_d045.JPG,Pear___diseased
plant_k/valid/Pear___diseased/ag_237.jpg,Pear___diseased
plant_k/valid/Pear___diseased/ag_3.jpg,Pear___diseased
plant_k/valid/Pear___diseased/ag_52.jpg,Pear___diseased
plant_k/valid/Pear___diseased/ag_69.jpg,Pear___diseased
plant_k/valid/Pear___diseased/ag_128.jpg,Pear___diseased
plant_k/valid/Pear___diseased/ag_167.jpg,Pear___diseased
plant_k/valid/Pear___diseased/ag_12.jpg,Pear___diseased
plant_k/valid/Pear___diseased/ag_200.jpg,Pear___diseased
plant_k/valid/Pear___diseased/ag_228.jpg,Pear___diseased
plant_k/valid/Pear___diseased/ag_104.jpg,Pear___diseased
plant_k/valid/Pear___diseased/ag_50.jpg,Pear___diseased
plant_k/valid/Pear___diseased/ag_33.jpg,Pear___diseased
plant_k/valid/Pear___diseased/ag_168.jpg,Pear___diseased
plant_k/valid/Pear___diseased/pear_d037.JPG,Pear___diseased
plant_k/valid/Pear___diseased/ag_70.jpg,Pear___diseased
plant_k/valid/Pear___diseased/ag_235.jpg,Pear___diseased
plant_k/valid/Pear___diseased/ag_245.jpg,Pear___diseased
plant_k/valid/Pear___diseased/ag_15.jpg,Pear___diseased
plant_k/valid/Pear___diseased/ag_217.jpg,Pear___diseased
plant_k/valid/Pear___diseased/ag_120.jpg,Pear___diseased
plant_k/valid/Pear___diseased/ag_211.jpg,Pear___diseased
plant_k/valid/Pear___diseased/ag_102.jpg,Pear___diseased
plant_k/valid/Pear___diseased/ag_202.jpg,Pear___diseased
plant_k/valid/Pear___diseased/pear_d024.JPG,Pear___diseased
plant_k/valid/Pear___diseased/ag_23.jpg,Pear___diseased
plant_k/valid/Pear___diseased/ag_136.jpg,Pear___diseased
plant_k/valid/Pear___diseased/ag_30.jpg,Pear___diseased
plant_k/valid/Pear___diseased/ag_46.jpg,Pear___diseased
plant_k/valid/Pear___diseased/ag_230.jpg,Pear___diseased
plant_k/valid/Pear___diseased/pear_d039.JPG,Pear___diseased
plant_k/valid/Pear___diseased/ag_238.jpg,Pear___diseased
plant_k/valid/Pear___diseased/ag_174.jpg,Pear___diseased
plant_k/valid/Pear___diseased/ag_152.jpg,Pear___diseased
plant_k/valid/Pear___diseased/ag_183.jpg,Pear___diseased
plant_k/valid/Pear___diseased/ag_106.jpg,Pear___diseased
plant_k/valid/Pear___diseased/pear_d032.JPG,Pear___diseased
plant_k/valid/Pear___diseased/ag_87.jpg,Pear___diseased
plant_k/valid/Pear___diseased/ag_77.jpg,Pear___diseased
plant_k/valid/Pear___diseased/ag_83.jpg,Pear___diseased
plant_k/valid/Pear___diseased/ag_223.jpg,Pear___diseased
plant_k/valid/Pear___diseased/ag_139.jpg,Pear___diseased
plant_k/valid/Pear___diseased/ag_205.jpg,Pear___diseased
plant_k/valid/Pear___diseased/ag_54.jpg,Pear___diseased
plant_k/valid/Pear___diseased/ag_100.jpg,Pear___diseased
plant_k/valid/Pear___diseased/ag_253.jpg,Pear___diseased
plant_k/valid/Pear___diseased/ag_65.jpg,Pear___diseased
plant_k/valid/Pear___diseased/ag_18.jpg,Pear___diseased
plant_k/valid/Pear___diseased/ag_14.jpg,Pear___diseased
plant_k/valid/Pear___diseased/ag_51.jpg,Pear___diseased
plant_k/valid/Pear___diseased/ag_172.jpg,Pear___diseased
plant_k/valid/Pear___diseased/ag_199.jpg,Pear___diseased
plant_k/valid/Pear___diseased/pear_d020.JPG,Pear___diseased
plant_k/valid/Pear___diseased/ag_169.jpg,Pear___diseased
plant_k/valid/Pear___diseased/ag_166.jpg,Pear___diseased
plant_k/valid/Pear___diseased/ag_28.jpg,Pear___diseased
plant_k/valid/Pear___diseased/ag_155.jpg,Pear___diseased
plant_k/valid/Pear___diseased/ag_8.jpg,Pear___diseased
plant_k/valid/Pear___diseased/pear_d023.JPG,Pear___diseased
plant_k/valid/Pear___diseased/pear_d001.JPG,Pear___diseased
plant_k/valid/Pear___healthy/pear_h003.JPG,Pear___healthy
plant_k/valid/Pear___healthy/pear_h034.JPG,Pear___healthy
plant_k/valid/Pear___healthy/ag_113.jpg,Pear___healthy
plant_k/valid/Pear___healthy/pear_h091.JPG,Pear___healthy
plant_k/valid/Pear___healthy/pear_h029.JPG,Pear___healthy
plant_k/valid/Pear___healthy/pear_h012.JPG,Pear___healthy
plant_k/valid/Pear___healthy/ag_7.jpg,Pear___healthy
plant_k/valid/Pear___healthy/pear_h157.JPG,Pear___healthy
plant_k/valid/Pear___healthy/ag_128.jpg,Pear___healthy
plant_k/valid/Pear___healthy/pear_h001.JPG,Pear___healthy
plant_k/valid/Pear___healthy/pear_h144.JPG,Pear___healthy
plant_k/valid/Pear___healthy/ag_12.jpg,Pear___healthy
plant_k/valid/Pear___healthy/pear_h148.JPG,Pear___healthy
plant_k/valid/Pear___healthy/ag_20.jpg,Pear___healthy
plant_k/valid/Pear___healthy/pear_h054.JPG,Pear___healthy
plant_k/valid/Pear___healthy/ag_104.jpg,Pear___healthy
plant_k/valid/Pear___healthy/ag_50.jpg,Pear___healthy
plant_k/valid/Pear___healthy/pear_h113.JPG,Pear___healthy
plant_k/valid/Pear___healthy/pear_h037.JPG,Pear___healthy
plant_k/valid/Pear___healthy/pear_h135.JPG,Pear___healthy
plant_k/valid/Pear___healthy/ag_45.jpg,Pear___healthy
plant_k/valid/Pear___healthy/pear_h009.JPG,Pear___healthy
plant_k/valid/Pear___healthy/pear_h136.JPG,Pear___healthy
plant_k/valid/Pear___healthy/pear_h060.JPG,Pear___healthy
plant_k/valid/Pear___healthy/ag_74.jpg,Pear___healthy
plant_k/valid/Pear___healthy/ag_39.jpg,Pear___healthy
plant_k/valid/Pear___healthy/ag_43.jpg,Pear___healthy
plant_k/valid/Pear___healthy/pear_h151.JPG,Pear___healthy
plant_k/valid/Pear___healthy/ag_4.jpg,Pear___healthy
plant_k/valid/Pear___healthy/pear_h036.JPG,Pear___healthy
plant_k/valid/Pear___healthy/pear_h081.JPG,Pear___healthy
plant_k/valid/Pear___healthy/ag_120.jpg,Pear___healthy
plant_k/valid/Pear___healthy/ag_102.jpg,Pear___healthy
plant_k/valid/Pear___healthy/pear_h079.JPG,Pear___healthy
plant_k/valid/Pear___healthy/ag_23.jpg,Pear___healthy
plant_k/valid/Pear___healthy/pear_h149.JPG,Pear___healthy
plant_k/valid/Pear___healthy/pear_h095.JPG,Pear___healthy
plant_k/valid/Pear___healthy/ag_136.jpg,Pear___healthy
plant_k/valid/Pear___healthy/pear_h075.JPG,Pear___healthy
plant_k/valid/Pear___healthy/ag_37.jpg,Pear___healthy
plant_k/valid/Pear___healthy/pear_h063.JPG,Pear___healthy
plant_k/valid/Pear___healthy/pear_h020.JPG,Pear___healthy
plant_k/valid/Pear___healthy/pear_h033.JPG,Pear___healthy
plant_k/valid/Pear___healthy/ag_38.jpg,Pear___healthy
plant_k/valid/Pear___healthy/pear_h011.JPG,Pear___healthy
plant_k/valid/Pear___healthy/ag_106.jpg,Pear___healthy
plant_k/valid/Pear___healthy/ag_77.jpg,Pear___healthy
plant_k/valid/Pear___healthy/ag_83.jpg,Pear___healthy
plant_k/valid/Pear___healthy/ag_139.jpg,Pear___healthy
plant_k/valid/Pear___healthy/ag_89.jpg,Pear___healthy
plant_k/valid/Pear___healthy/pear_h004.JPG,Pear___healthy
plant_k/valid/Pear___healthy/ag_26.jpg,Pear___healthy
plant_k/valid/Pear___healthy/ag_95.jpg,Pear___healthy
plant_k/valid/Pear___healthy/ag_54.jpg,Pear___healthy
plant_k/valid/Pear___healthy/pear_h040.JPG,Pear___healthy
plant_k/valid/Pear___healthy/ag_72.jpg,Pear___healthy
plant_k/valid/Pear___healthy/pear_h088.JPG,Pear___healthy
plant_k/valid/Pear___healthy/ag_100.jpg,Pear___healthy
plant_k/valid/Pear___healthy/pear_h099.JPG,Pear___healthy
plant_k/valid/Pear___healthy/ag_14.jpg,Pear___healthy
plant_k/valid/Pear___healthy/pear_h132.JPG,Pear___healthy
plant_k/valid/Pear___healthy/pear_h061.JPG,Pear___healthy
plant_k/valid/Pear___healthy/pear_h059.JPG,Pear___healthy
plant_k/valid/Walnut___diseased/walnut_h148.JPG,Walnut___diseased
plant_k/valid/Walnut___diseased/walnut_h098.JPG,Walnut___diseased
plant_k/valid/Walnut___diseased/walnut_h176.JPG,Walnut___diseased
plant_k/valid/Walnut___diseased/walnut_h228.JPG,Walnut___diseased
plant_k/valid/Walnut___diseased/walnut_h169.JPG,Walnut___diseased
plant_k/valid/Walnut___diseased/walnut_h111.JPG,Walnut___diseased
plant_k/valid/Walnut___diseased/walnut_h194.JPG,Walnut___diseased
plant_k/valid/Walnut___diseased/walnut_h214.JPG,Walnut___diseased
plant_k/valid/Walnut___diseased/walnut_h126.JPG,Walnut___diseased
plant_k/valid/Walnut___diseased/walnut_h190.JPG,Walnut___diseased
plant_k/valid/Walnut___diseased/walnut_h056.JPG,Walnut___diseased
plant_k/valid/Walnut___diseased/walnut_h264.JPG,Walnut___diseased
plant_k/valid/Walnut___diseased/walnut_h054.JPG,Walnut___diseased
plant_k/valid/Walnut___diseased/walnut_d005.JPG,Walnut___diseased
plant_k/valid/Walnut___diseased/walnut_h251.JPG,Walnut___diseased
plant_k/valid/Walnut___diseased/walnut_h247.JPG,Walnut___diseased
plant_k/valid/Walnut___diseased/ag_11.jpg,Walnut___diseased
plant_k/valid/Walnut___diseased/walnut_h050.JPG,Walnut___diseased
plant_k/valid/Walnut___diseased/ag_5.jpg,Walnut___diseased
plant_k/valid/Walnut___diseased/walnut_h175.JPG,Walnut___diseased
plant_k/valid/Walnut___diseased/ag_15.jpg,Walnut___diseased
plant_k/valid/Walnut___diseased/walnut_h196.JPG,Walnut___diseased
plant_k/valid/Walnut___diseased/ag_13.jpg,Walnut___diseased
plant_k/valid/Walnut___diseased/walnut_h048.JPG,Walnut___diseased
plant_k/valid/Walnut___diseased/walnut_d029.JPG,Walnut___diseased
plant_k/valid/Walnut___diseased/walnut_h127.JPG,Walnut___diseased
plant_k/valid/Walnut___diseased/walnut_h118.JPG,Walnut___diseased
plant_k/valid/Walnut___diseased/walnut_h259.JPG,Walnut___diseased
plant_k/valid/Walnut___diseased/walnut_h119.JPG,Walnut___diseased
plant_k/valid/Walnut___diseased/walnut_h178.JPG,Walnut___diseased
plant_k/valid/Walnut___diseased/walnut_d017.JPG,Walnut___diseased
plant_k/valid/Walnut___diseased/walnut_h104.JPG,Walnut___diseased
plant_k/valid/Walnut___diseased/walnut_h149.JPG,Walnut___diseased
plant_k/valid/Walnut___diseased/walnut_h049.JPG,Walnut___diseased
plant_k/valid/Walnut___diseased/walnut_h124.JPG,Walnut___diseased
plant_k/valid/Walnut___diseased/walnut_d018.JPG,Walnut___diseased
plant_k/valid/Walnut___diseased/walnut_h088.JPG,Walnut___diseased
plant_k/valid/Walnut___diseased/walnut_h250.JPG,Walnut___diseased
plant_k/valid/Walnut___diseased/walnut_h144.JPG,Walnut___diseased
plant_k/valid/Walnut___diseased/ag_17.jpg,Walnut___diseased
plant_k/valid/Walnut___diseased/walnut_h263.JPG,Walnut___diseased
plant_k/valid/Walnut___diseased/walnut_h135.JPG,Walnut___diseased
plant_k/valid/Walnut___diseased/walnut_h155.JPG,Walnut___diseased
plant_k/valid/Walnut___diseased/walnut_h206.JPG,Walnut___diseased
plant_k/valid/Walnut___diseased/walnut_h062.JPG,Walnut___diseased
plant_k/valid/Walnut___diseased/walnut_h066.JPG,Walnut___diseased
plant_k/valid/Walnut___diseased/walnut_h203.JPG,Walnut___diseased
plant_k/valid/Walnut___diseased/walnut_h032.JPG,Walnut___diseased
plant_k/valid/Walnut___diseased/ag_24.jpg,Walnut___diseased
plant_k/valid/Walnut___diseased/walnut_h083.JPG,Walnut___diseased
plant_k/valid/Walnut___diseased/walnut_h272.JPG,Walnut___diseased
plant_k/valid/Walnut___diseased/walnut_h047.JPG,Walnut___diseased
plant_k/valid/Walnut___diseased/walnut_h086.JPG,Walnut___diseased
plant_k/valid/Walnut___diseased/ag_6.jpg,Walnut___diseased
plant_k/valid/Walnut___diseased/walnut_d014.JPG,Walnut___diseased
plant_k/valid/Walnut___diseased/walnut_h151.JPG,Walnut___diseased
plant_k/valid/Walnut___diseased/walnut_h266.JPG,Walnut___diseased
plant_k/valid/Walnut___diseased/walnut_h035.JPG,Walnut___diseased
plant_k/valid/Walnut___diseased/walnut_h152.JPG,Walnut___diseased
plant_k/valid/Walnut___diseased/walnut_h174.JPG,Walnut___diseased
plant_k/valid/Walnut___diseased/walnut_h116.JPG,Walnut___diseased
plant_k/valid/Walnut___diseased/walnut_h210.JPG,Walnut___diseased
plant_k/valid/Walnut___diseased/walnut_h091.JPG,Walnut___diseased
plant_k/valid/Walnut___healthy/ag_221.jpg,Walnut___healthy
plant_k/valid/Walnut___healthy/ag_113.jpg,Walnut___healthy
plant_k/valid/Walnut___healthy/walnut-h031.JPG,Walnut___healthy
plant_k/valid/Walnut___healthy/ag_98.jpg,Walnut___healthy
plant_k/valid/Walnut___healthy/ag_3.jpg,Walnut___healthy
plant_k/valid/Walnut___healthy/walnut-h001.JPG,Walnut___healthy
plant_k/valid/Walnut___healthy/ag_128.jpg,Walnut___healthy
plant_k/valid/Walnut___healthy/ag_167.jpg,Walnut___healthy
plant_k/valid/Walnut___healthy/ag_12.jpg,Walnut___healthy
plant_k/valid/Walnut___healthy/ag_60.jpg,Walnut___healthy
plant_k/valid/Walnut___healthy/walnut-h074.JPG,Walnut___healthy
plant_k/valid/Walnut___healthy/ag_20.jpg,Walnut___healthy
plant_k/valid/Walnut___healthy/ag_66.jpg,Walnut___healthy
plant_k/valid/Walnut___healthy/ag_104.jpg,Walnut___healthy
plant_k/valid/Walnut___healthy/ag_45.jpg,Walnut___healthy
plant_k/valid/Walnut___healthy/ag_5.jpg,Walnut___healthy
plant_k/valid/Walnut___healthy/ag_168.jpg,Walnut___healthy
plant_k/valid/Walnut___healthy/ag_74.jpg,Walnut___healthy
plant_k/valid/Walnut___healthy/ag_15.jpg,Walnut___healthy
plant_k/valid/Walnut___healthy/ag_84.jpg,Walnut___healthy
plant_k/valid/Walnut___healthy/walnut-h055.JPG,Walnut___healthy
plant_k/valid/Walnut___healthy/ag_217.jpg,Walnut___healthy
plant_k/valid/Walnut___healthy/ag_120.jpg,Walnut___healthy
plant_k/valid/Walnut___healthy/walnut-h058.JPG,Walnut___healthy
plant_k/valid/Walnut___healthy/ag_102.jpg,Walnut___healthy
plant_k/valid/Walnut___healthy/ag_202.jpg,Walnut___healthy
plant_k/valid/Walnut___healthy/walnut-h016.JPG,Walnut___healthy
plant_k/valid/Walnut___healthy/ag_23.jpg,Walnut___healthy
plant_k/valid/Walnut___healthy/ag_136.jpg,Walnut___healthy
plant_k/valid/Walnut___healthy/walnut-h086.JPG,Walnut___healthy
plant_k/valid/Walnut___healthy/walnut-h083.JPG,Walnut___healthy
plant_k/valid/Walnut___healthy/ag_174.jpg,Walnut___healthy
plant_k/valid/Walnut___healthy/walnut-h059.JPG,Walnut___healthy
plant_k/valid/Walnut___healthy/walnut-h003.JPG,Walnut___healthy
plant_k/valid/Walnut___healthy/ag_152.jpg,Walnut___healthy
plant_k/valid/Walnut___healthy/ag_182.jpg,Walnut___healthy
plant_k/valid/Walnut___healthy/ag_106.jpg,Walnut___healthy
plant_k/valid/Walnut___healthy/ag_81.jpg,Walnut___healthy
plant_k/valid/Walnut___healthy/ag_164.jpg,Walnut___healthy
plant_k/valid/Walnut___healthy/ag_139.jpg,Walnut___healthy
plant_k/valid/Walnut___healthy/ag_205.jpg,Walnut___healthy
plant_k/valid/Walnut___healthy/walnut-h040.JPG,Walnut___healthy
plant_k/valid/Walnut___healthy/ag_192.jpg,Walnut___healthy
plant_k/valid/Walnut___healthy/ag_47.jpg,Walnut___healthy
plant_k/valid/Walnut___healthy/ag_95.jpg,Walnut___healthy
plant_k/valid/Walnut___healthy/walnut-h078.JPG,Walnut___healthy
plant_k/valid/Walnut___healthy/ag_54.jpg,Walnut___healthy
plant_k/valid/Walnut___healthy/ag_100.jpg,Walnut___healthy
plant_k/valid/Walnut___healthy/ag_56.jpg,Walnut___healthy
plant_k/valid/Walnut___healthy/ag_62.jpg,Walnut___healthy
plant_k/valid/Walnut___healthy/ag_6.jpg,Walnut___healthy
plant_k/valid/Walnut___healthy/ag_18.jpg,Walnut___healthy
plant_k/valid/Walnut___healthy/ag_14.jpg,Walnut___healthy
plant_k/valid/Walnut___healthy/ag_40.jpg,Walnut___healthy
plant_k/valid/Walnut___healthy/walnut-h043.JPG,Walnut___healthy
plant_k/valid/Walnut___healthy/ag_172.jpg,Walnut___healthy
plant_k/valid/Walnut___healthy/ag_196.jpg,Walnut___healthy
plant_k/valid/Walnut___healthy/ag_199.jpg,Walnut___healthy
plant_k/valid/Walnut___healthy/ag_169.jpg,Walnut___healthy
plant_k/valid/Walnut___healthy/walnut-h015.JPG,Walnut___healthy
plant_k/valid/Walnut___healthy/ag_155.jpg,Walnut___healthy
plant_k/valid/Walnut___healthy/walnut-h050.JPG,Walnut___healthy
plant_k/valid/Walnut___healthy/walnut-h080.JPG,Walnut___healthy
plant_k/valid/Walnut___healthy/walnut-h082.JPG,Walnut___healthy
